{
  "manifest_version": 3,
  "name": "Linquity Pro - LinkedIn Content Editor",
  "version": "1.0.0",
  "description": "Advanced AI-powered content editor and optimizer for LinkedIn",
  "permissions": [
    "activeTab",
    "storage",
    "scripting"
  ],
  "host_permissions": [
    "*://*.linkedin.com/*"
  ],
  "background": {
    "service_worker": "background.js"
  },
  "action": {
    "default_popup": "popup.html",
    "default_icon": {
      "16": "images/icon16.png",
      "48": "images/icon48.png",
      "128": "images/icon128.png"
    }
  },
  "content_scripts": [
    {
      "matches": ["*://*.linkedin.com/*"],
      "js": ["content-advanced.js"],
      "css": ["styles-advanced.css"]
    }
  ],
  "icons": {
    "16": "images/icon16.png",
    "48": "images/icon48.png",
    "128": "images/icon128.png"
  },
  "options_page": "options.html",
  "web_accessible_resources": [
    {
      "resources": ["images/*"],
      "matches": ["*://*.linkedin.com/*"]
    }
  ]
}